-- Inserting migration data
INSERT INTO pvra.dbo.[__MigrationHistory]
    (MigrationId,ContextKey,Model,ProductVersion)
VALUES
    (N'202309031534585_InitialCreate', N'PVRA.Models.ApplicationDbContext', 0x1F8B0800000000000400DD5CDB72DB36107DEF4CFF81C3A7A433116DE725F548C938B2DD7A1A5FC672F29A814848C69404590272E56FEB433FA9BF5080771217822275CB4BC62217BB8BDD83C5ED30FFFDF3EFF8D33AF0AD17181314E2897D3A3AB12D88DDD0437839B15774F1EE83FDE9E3CF3F8DAFBC606D7DCBE5DE7339D6129389FD4C6974EE38C47D860120A300B97148C2051DB961E0002F74CE4E4E7E754E4F1DC854D84C97658D1F5798A200263FD8CF69885D18D115F06F430FFA247BCEDECC12ADD61D082089800B27F6C3B7C78B512A665B173E02CC8519F417B605300E29A0CCC1F3AF04CE681CE2E52C620F80FFF41A4126B7003E8199E3E7A5B8691F4ECE781F9CB2E14631B08BDEB1FE5DB138D057EE5ED2C7897DE3C1E4D163E8C3AA2493FD03BED61EB0470F7118C19849C345D1DEB69C7A3BA7D9B0685669C35D6081A4314BBC6DDD82F5178897F49941E2EC836D5DA335F4F2275914BF62C470C21AD178C57EDEAD7C1FCC7D58BC77B436F9BF1AABECCFFE56C74E195E6DD02FA2C8476E9252869CD8B63E030233DF18B44679529297DA6E5DB814BD141DFB1CB22C023C949B5537A63E40C1EE017283E9FB33497F2A636F46C318FE06318C0185DE03A014C6B874BE0D1849C7B8B101D06160E91BF0575B3075075ED0328947C3688AAF47E8272FC9338A24184B3CFB9E8A5EC761C08B8124FD89C4F759B88A5DDE85502BF604E225A40320EF47AE4ABC7F035526BDA10740C8DF61ECFD0EC8F3D68DCDA0BB8A59F6661404D10EB19EA08F0C8BF61CC62D68CF0785A9AB5FC225C2EDAE26625A574B09ADAB15B1AEAE7265ED9E7229ADA38580D6CF524AE6E646F523E9FA26458437160B895434B1C11EBF208F47C0A0452ECC3CE95EAA72CF765DAE1ADDDCB5F95ACCB66EBCDF94DA69E4EAA654C900EF3D24365DEC771811DCC426B3F0BEA09DFBBB3F582549312AB3A9A4A6CC26FFE840554AC930D51BFC1D2683562F3B23FF8290D045897BAAD9E0BB645D79853DCB6C90CAF769E93463DDAE7C8AF8EE8E3D9ED8BF08816D3553CC8E8AED60C3C2A9DD1C8BF7F812FA90428BEF0DF961C314101778221259FCBCFA13367C61CC6D017FCA924B63803015C73AC22E8A806FD48F466BC3D53AF7AEB0D37C73092388B951A37C9938A0AC6B4E61AB11BAB6488D9D0A0CCDD1590E6F13D448C6BA1C3469C1D80C9A62A990189119382C640ADDD83130855C99D8974FA2FBC2A571D19454F72DE1F2F82BA6D08D7DE0F268EB65652B6F8219D929961C34E971E786D0941D1FEC1A9BCA80A68B269604CA520063F144FA72CE5FC2351542CA1BCE20AD9F0B948B30E99C2004ACAE44089B4E6325311DD4B669ECA42C3FB7D16ACC96821DD4B6C5B22C960DA595246B1CCED6E21561FD8EB50942E3B571D14779D4847A61BC1A56281674D660CFC43B46ABB2BDD2074BB150EBB05453F428438261A4C4C55945AD54D5100132419362C5D061CD305C80F681A4EA21B33E52AA39ACCB2CA6E8545E510D832599B7068856BE4F2FA69CF2B6DD49AFDBF36B7947712F3FBE055184F0B2724F9F3DB166E925FDF4DDACFBDD7890EA705C22B9222FBC2D2CD130064BD878CB4C334FAF514CE825A0600EF889CFD40B04B12E136C6EB23ACF8A19CCA78A5C9AFF9D9D93969485FA6C2CAEEDB2C6D7AC6B015F202697A992A4CB9B5B9C30017C104BAED2A6A1BF0AB07ABDAA6E9D5E8855DBA74F440D63A7E1BFB01E15C2242C9AEA3137CA487D246C9A99260960F3E4C89B6F273939E1A0AA217F26D5C2B0EEA164F99E5C7D4BC80F55559788B8310A1006ACAFDB48794B826E08FFFB7EF1463686B8BB6F8F244FDC963890CAA7E69AEA57C7556DF537E61A1BF7C355958D573BCFBF2AED879775615CD5F7343B1D5403D4D16CA93244AE2454A5CE0953E8D8CE58AD5090AA4A2A8F3BEACA484682B2ECF9410220DB230E0100C98D7F67002874E8CA6D1304AA5332B596C6FD7A55590BC340ADB376695EABDE6A06C28140629895AFFCC2BB3320BAAD8087C1437EFE5FD5A2BA13D87EC6EA3BBC96529E6D7D0DAB7526DDB922F38DAC508A751B5A316846F53C51213FF1AE78B0B173CAA3F78D271BB55FCD9DBA986A61C3DE142980566CDC1B1BF471B6596E67D70BBBE754C4B6F2EAC49684AF84C260C40546B3BFFCA98F580C4B815B80D10212FA14FE09F1C43E3B393D6BF0F437E0CC3B8478FE2113E7F10B88DD67108B14951EBCF85CE99B00ACDF6E83447EC4712A774E2DB1DA948DDB4BA19471DB4B63FDC38239A25D1534361DBDD2714C5F2C205E9C5ABF49E8883EE123855EB9153F44E8A5AE981C779FE31F9EDB3B58FD92527707D32E61E6EE120647C3671D2CE075BAEAC0B11E9441B91F5E8EE662B92F83B337E5672F9CC8E3E2F598F320D3CBFA7D5012D517CE3DF96EBD00A638E9D83A87EC47E6331E5209DB37BEF651C08CF17530F5AB232FF190009611ECFAF1228F0E62AA3B2339C61447818383AC710E976FDF04C689E2645D7652D5C6D74CCFDF26B6370F1908D2A5E30589EE2095D3C954C652F42A8D65E7BD4A63729291CE58864CADC54C466F564E9A6A67859A9142F5B6E544C956EAA81173546F599EDD7DD24B95E4B36E3C523D29F518F8A3D50C8BA4AC2E4C482DA9F25898A2FD71B1EB506C910BDA3F18B5BAA9B875DB0AD953BC23623365E5FF6962F33541CB520567BC60E8D6E6C842E6062FC27CAE6E78948B344E506E21051E9B402F628A16C0A5ECB50B09493EFBCD183557C11C7A37F87E45A315655D86C1DCAF9DE8F1295F673F61B4D67D1EDF47C987B3437481B9895817E03DFEBC42BE57F87D2D39EA51A8E06B89EC9C9AE792F2F3EAE56BA1E92EC4868AB2F0154BA02718443E5346EEF10CF08B04956FED31AC476C7C89C0320601C97494EDD94F063F2F587FFC1F540EF9B5694C0000, N'6.0.0-20911');

-- Inserting Authentication Data

INSERT INTO dbo.AspNetUsers
    (Id,UserName,PasswordHash,SecurityStamp,Active,Discriminator)
VALUES
    (N'7b0d4b01-273f-464b-be28-d34bbc762b77', N'GESTOR', N'ALqH9YXO6cevM8TMVAKzUj5h/zFpdiaUSdhq7IPlVndAT/nGc7LM0NOHB4DUJg9d2Q==', N'ef9dae49-7d33-4779-a8a8-e61d5ac512f8', 1, N'ApplicationUser'),
    (N'dd14f3a2-2bef-4c05-9d4a-00d0858bd983', N'VENDEDOR', N'ANO0RwuQESJhPA81LOMOxHnUbLAxIqUBhZFmSqSU0z7A1f1vZnzSToATnJ3JAT890g==', N'6c34ef5e-dd65-4980-997b-a3c26de4ef69', 1, N'ApplicationUser'),
    (N'e7187d50-549d-463c-90a8-0b6bb54f3a56', N'ADMIN', N'AGNSvbOShIn5ET9fiBqbQRsllBXaxk27Yir1D3i9t4l+Etq4az0iaPeUl6gXY0//3Q==', N'3124a7eb-d5c3-4764-a856-7d47d036aba3', 1, N'ApplicationUser');

INSERT INTO dbo.AspNetRoles
    (Id,Name)
VALUES
    (N'3ef8e94b-a74d-4584-a445-c3802f62a1a4', N'GESTOR'),
    (N'8246b8a5-c809-4a1d-8878-4c47234b3d28', N'ADMIN'),
    (N'e47f8b79-1d34-496d-a09a-811f6dcc91a4', N'VENDEDOR');

INSERT INTO dbo.AspNetUserRoles
    (UserId,RoleId)
VALUES
    (N'7b0d4b01-273f-464b-be28-d34bbc762b77', N'3ef8e94b-a74d-4584-a445-c3802f62a1a4'),
    (N'dd14f3a2-2bef-4c05-9d4a-00d0858bd983', N'e47f8b79-1d34-496d-a09a-811f6dcc91a4'),
    (N'e7187d50-549d-463c-90a8-0b6bb54f3a56', N'8246b8a5-c809-4a1d-8878-4c47234b3d28');

-- Inserting financial data

INSERT INTO pvra.dbo.ConceptoCosto
    (Nombre)
VALUES
    (N'Venta');

INSERT INTO pvra.dbo.ConceptoGasto
    (Nombre,Descripcion)
VALUES
    (N'Materias primas', N'Materias primas como tela e hilo'),
    (N'Salario', N'Salario a trabajadores');

-- Inserting product data

INSERT INTO pvra.dbo.Color
    (Nombre,Descripcion)
VALUES
    (N'Rojo', N'#fc0303'),
    (N'Azul', N'#0307fc'),
    (N'Negro', N'#020b21'),
    (N'Blanco', N'#f5f6f7');

INSERT INTO pvra.dbo.UnidadMedida
    (Unidad,Siglas)
VALUES
    (N'Kilogramo', N'Kg'),
    (N'Metro', N'm'),
    (N'Centmetros', N'cm'),
    (N'Unidad', N'u');

INSERT INTO pvra.dbo.Material
    (Nombre,Descripcion,UnidadMedidaId)
VALUES
    (N'Tela poliester', N'poliester', 2),
    (N'Pegatina', N'Pegatina de bandera', 4);

INSERT INTO pvra.dbo.Producto
    (Nombre,Modelo,Talla,Descripcion)
VALUES
    (N'Vestido tejido', N'tejido', 2, N'Vestido tejido de playa'),
    (N'Pulover', N'bandera de cuba', 3, NULL);

INSERT INTO pvra.dbo.Producto_Material
    (ProductoId,MateriaPrimaId,Cantidad)
VALUES
    (1, 1, 1),
    (1, 2, 1);

-- Inserting workers data

INSERT INTO pvra.dbo.AreaTrabajo
    (Nombre)
VALUES
    (N'Taller costura'),
    (N'Tienda');

INSERT INTO pvra.dbo.Ocupacion
    (Nombre,Descripcion)
VALUES
    (N'Vendedor', N'Vendedor'),
    (N'Costurera', N'Costurera');

INSERT INTO pvra.dbo.Persona
    (Nombres,Direccion,Telefono,Apellidos)
VALUES
    (N'Pedro', N'Varadero', N'111111111111', N'Perez'),
    (N'Juana', N'Matanzas', N'222222222', N'Garcia'),
    (N'Pablo', N'Varadero', N'333333333', N'Torres');

INSERT INTO pvra.dbo.Persona_Proveedor
    (Email,Id)
VALUES
    (N'pablo.torres@gmail.com', 3);

INSERT INTO pvra.dbo.Persona_Trabajador
    (AreaTrabajoId,OcupacionId,Id)
VALUES
    (2, 1, 1),
    (1, 2, 2);

-- Inserting inventory and operations data

INSERT INTO pvra.dbo.CompraMateriales
    (Fecha,MateriaPrimaId,ColorId,Importe,Cantidad,Observacion,UsuarioId,ProveedorPersonaId)
VALUES
    ('2023-09-03 00:00:00.0', 1, 1, 3000.00, 30.00, NULL, N'GESTOR', 3),
    ('2023-09-03 00:00:00.0', 2, 2, 2000.00, 50.00, NULL, N'GESTOR', 3);

INSERT INTO pvra.dbo.EntradaProductos
    (Fecha,ProductoId,ColorId,Importe,Cantidad,Observacion,UsuarioId,Confeccionado)
VALUES
    ('2023-09-03 00:00:00.0', 1, 1, 2000.00, 10, NULL, N'GESTOR', 0),
    ('2023-09-03 00:00:00.0', 2, 2, 2000.00, 10, NULL, N'GESTOR', 0);

INSERT INTO pvra.dbo.InvertarioMateriales
    (MateriaPrimaId,Precio,Existencia,Descripcion,ColorId)
VALUES
    (1, 100.00, 25.00, NULL, 1),
    (2, 40.00, 45.00, NULL, 2);

INSERT INTO pvra.dbo.InvertarioProductos
    (ProductoId,ColorId,CostoUnitario,Existencia,Descripcion)
VALUES
    (1, 1, 200.00, 8, NULL),
    (2, 2, 200.00, 10, NULL);

INSERT INTO pvra.dbo.Salario
    (Fecha,Importe,TrabajadorPersonaId)
VALUES
    ('2023-09-04 00:00:00.0', 2000.00, 1);

INSERT INTO pvra.dbo.SalidaMateriales
    (Fecha,Cantidad,Observacion,UsuarioId,InvertarioMateriasPrimasId)
VALUES
    ('2023-09-03 00:00:00.0', 5.00, NULL, N'GESTOR', 1),
    ('2023-09-03 00:00:00.0', 5.00, NULL, N'GESTOR', 2);

INSERT INTO pvra.dbo.Ventas
    (Fecha,Importe,Cantidad,Observacion,UsuarioId,InvertarioProductosId,TrabajadorPersonaId)
VALUES
    ('2023-09-03 00:00:00.0', 3000.00, 2, NULL, N'GESTOR', 1, 1);

